keyword,match
design,prefix
engineer,prefix
tax,word
sales,word
audio,word
video,word
production,word
media,word
technical,word
writer,word
Copywriter,word
Ghostwriter,word
Apprenti,prefix
SEO,word
SEA,word
developer,prefix
legal,word
trainee,word
Praktikant,word
Praktikum,word
IT,word
AI,word
Executive,word
Ausbildung,prefix
Aushilfe,prefix
Verkäufer,word
Vertrieb,prefix
Student,prefix
Werkstudent,prefix
Verkauf,prefix
store,word
General Interest,word
chief,word
Accountant,word
Producer,word
Cloud,word
Mechaniker,prefix
techniker,prefix
Meister,word
technologe,prefix
prüfer,prefix
assembly,word
securité,word
Marketing,word
Salesforce,word
Multimedia,word
Postdoc,prefix
Social Mobilizer,word
engagement,word
communications,word
Language teachers,word
teacher,prefix
tutor,prefix
expert,word
passive cooling,word
editing,word
investment,word
internship,word
voluntary,word
attorney,word
videographer,word
caseworker,word
scientist,word
interpreter,word
donor,word
modeling,word
bio,prefix
key account,word
theory,word
electro,prefix
technician,word
doctoral,prefix
PhD,word
professor,word
power,word
therapist,word
Sr,word
concierge,word
pricing,word
risk,word
SaaS,word
chemistry,word
thesis,word
driver,word
chaufför,word
chauffeur,word
barber,word
barberare,word
frisör,word
hairdresser,word
elmontör,word
mekaniker,prefix
mechanic,word
testare,word
buyer,word
purchaser,word
commodity,word
utvecklare,prefix
ingenjör,prefix
systemintegratör,prefix
DevOps,word
Scrum Master,word
software developer,word
azure,word
Solution Architect,word
System Architect,word
